{
  "train_loss": [
    0.10706768723670393,
    0.013987229937920348,
    0.007369560352526605,
    0.004411768789286725,
    0.002653938091825694,
    0.0022504805438802577,
    0.0016169898002408444,
    0.0014864494970242958,
    0.0011447882530046627,
    0.0014494787565126899,
    0.0010118175733441603,
    0.0007132287292915862,
    0.0007044606397903408,
    0.0006947850109281717,
    0.0011409894355165306,
    0.0009421329073120432,
    0.0009343015042213665,
    0.0009198255827413959,
    0.0008824985792580264,
    0.0005955399105050674
  ],
  "train_acc": [
    0.978046875,
    0.999609375,
    0.99984375,
    0.999765625,
    0.999921875,
    1.0,
    1.0,
    1.0,
    1.0,
    0.999921875,
    1.0,
    0.999921875,
    1.0,
    0.999921875,
    0.999765625,
    0.99984375,
    0.999921875,
    0.99984375,
    0.999921875,
    1.0
  ],
  "val_loss": [
    0.014324962254613638,
    0.007050631660968065,
    0.0019574360665865244,
    0.0013016725261695682,
    0.0010403955029323697,
    0.00059387368906755,
    0.00044906804308993744,
    0.00035452868265565483,
    0.00024473363097058607,
    0.00017871329793706537,
    0.00014650938283011783,
    0.00010521402247832157,
    9.81364677863894e-05,
    0.0001627558274049079,
    0.00019875247264280915,
    0.00013886626678868196,
    9.386638179421424e-05,
    8.053460325754713e-05,
    3.886036429321393e-05,
    3.0706310681125615e-05
  ],
  "val_acc": [
    1.0,
    1.0,
    1.0,
    1.0,
    1.0,
    1.0,
    1.0,
    1.0,
    1.0,
    1.0,
    1.0,
    1.0,
    1.0,
    1.0,
    1.0,
    1.0,
    1.0,
    1.0,
    1.0,
    1.0
  ]
}